StartDate,EndDate,Status,IPAddress,Progress,Duration (in seconds),Finished,RecordedDate,ResponseId,EDUCATION,Q75,Q76
4/11/2022 8:34,4/11/2022 9:10,0,167.96.16.106,100,2156,1,4/11/2022 9:10,R_1jfipxJpS8vlFFM,3,3.905,
4/11/2022 8:48,4/11/2022 9:11,0,70.186.169.38,100,1385,1,4/11/2022 9:11,R_3egDRKrp0gWGczk,2,,3.6
4/11/2022 8:51,4/11/2022 9:12,0,167.96.47.169,100,1275,1,4/11/2022 9:12,R_22K7Io9beN9XVhK,2,,4.25
4/11/2022 8:42,4/11/2022 9:19,0,64.237.83.160,100,2228,1,4/11/2022 9:19,R_2CevtQp1MAQz90F,3,3.6,
4/11/2022 8:53,4/11/2022 9:31,0,167.96.31.157,100,2277,1,4/11/2022 9:31,R_RqvOVA1BTBvqCtz,3,3.80,
4/11/2022 9:09,4/11/2022 9:50,0,72.207.232.122,100,2430,1,4/11/2022 9:50,R_3flYv48XdZkXxNE,3,4.27,
4/11/2022 9:31,4/11/2022 9:53,0,167.96.108.247,100,1345,1,4/11/2022 9:53,R_3g7MbP8LTIzWJ9o,3,4.17,
4/11/2022 9:32,4/11/2022 10:13,0,167.96.86.132,100,2423,1,4/11/2022 10:13,R_4Z72CEzcXhXGg9j,3,4.10,
4/11/2022 9:27,4/11/2022 10:14,0,167.96.53.94,100,2835,1,4/11/2022 10:14,R_2Yxe9abodQdmN3n,2,,3.8
4/11/2022 18:06,4/11/2022 18:38,0,167.96.8.126,100,1906,1,4/11/2022 18:38,R_3g1nApD7U0jTzqO,3,3.80,
4/11/2022 18:17,4/11/2022 18:47,0,172.103.84.73,100,1800,1,4/11/2022 18:47,R_1OEaswu8Sd2iSWO,3,3.6,
4/11/2022 18:10,4/11/2022 18:52,0,64.56.17.206,100,2467,1,4/11/2022 18:52,R_1C24c2vd7DZ4QEe,3,4.06,
4/11/2022 18:10,4/11/2022 19:04,0,174.69.103.132,100,3220,1,4/11/2022 19:04,R_ylT82eW2nnz8pdD,3,2.7,
4/11/2022 18:39,4/11/2022 19:08,0,167.96.120.118,100,1741,1,4/11/2022 19:08,R_Xv4cPaaIkGlyMUN,3,3.0,
4/11/2022 18:52,4/11/2022 19:21,0,174.203.73.10,100,1721,1,4/11/2022 19:21,R_1EbrRjmT7QtYW6U,3,2.8,
4/11/2022 18:08,4/11/2022 19:56,0,68.105.154.213,100,6442,1,4/11/2022 19:56,R_1pY9BLEGFPGau7j,5,3.5,
4/11/2022 18:40,4/11/2022 20:02,0,104.222.25.67,100,4892,1,4/11/2022 20:02,R_sO9jbArT7EdmGuR,3,3.0,
4/11/2022 19:25,4/11/2022 20:13,0,104.59.68.195,100,2859,1,4/11/2022 20:13,R_3NQdCEmCDN5kiyl,3,3.2,
4/11/2022 20:05,4/11/2022 20:30,0,99.115.153.221,100,1537,1,4/11/2022 20:30,R_3L555uSkPqYtVKS,3,2.8,
4/11/2022 20:27,4/11/2022 20:48,0,72.203.156.226,100,1287,1,4/11/2022 20:48,R_1q4Ii2U7shexNOI,3,3.93,
4/11/2022 20:22,4/11/2022 20:52,0,72.203.155.46,100,1799,1,4/11/2022 20:52,R_Dq0xXi0TQbmRjyx,3,3.5,
4/11/2022 20:07,4/11/2022 21:16,0,167.96.52.78,100,4123,1,4/11/2022 21:16,R_2Uh1Ha28wKHtW9S,3,3.6,
4/11/2022 20:54,4/11/2022 21:33,0,165.166.58.79,100,2349,1,4/11/2022 21:34,R_Uhjg8Mfl0NrhCut,3,3.1,
4/11/2022 21:22,4/11/2022 22:09,0,167.96.29.49,100,2775,1,4/11/2022 22:09,R_TvVK4PNN5ayCRtT,3,3.6,
4/11/2022 22:31,4/11/2022 22:58,0,72.207.229.152,100,1632,1,4/11/2022 22:58,R_WvQY7hpBQlJoUrD,3,2.89,
4/11/2022 22:46,4/11/2022 23:13,0,72.214.125.138,100,1637,1,4/11/2022 23:13,R_V50tO07LMxHbD0J,3,3.46,
4/11/2022 22:23,4/11/2022 23:21,0,72.207.231.45,100,3440,1,4/11/2022 23:21,R_4OzRzqgVYqp9d7j,3,2.87,
4/11/2022 23:05,4/11/2022 23:37,0,167.96.69.109,100,1880,1,4/11/2022 23:37,R_VLwRM7Barj4pjXj,3,4.01,
4/11/2022 23:30,4/12/2022 0:08,0,174.73.125.148,100,2281,1,4/12/2022 0:08,R_3Kp99KTujPTcPZN,3,3.5,
4/12/2022 7:18,4/12/2022 7:48,0,86.45.44.251,100,1765,1,4/12/2022 7:48,R_3MrLmC52QRJG0wM,3,3.6,
4/12/2022 8:12,4/12/2022 8:40,0,75.45.212.61,100,1675,1,4/12/2022 8:40,R_3CV4qA3Gv0oDXit,3,3.7,
4/12/2022 8:03,4/12/2022 8:50,0,167.96.65.91,100,2805,1,4/12/2022 8:50,R_XIiZGIUid75vPB7,3,3.4,
4/12/2022 8:18,4/12/2022 9:08,0,167.96.80.177,100,3013,1,4/12/2022 9:08,R_3ML5U9CTY9fiF2G,2,,4.0
4/12/2022 8:34,4/12/2022 9:14,0,167.96.87.121,100,2366,1,4/12/2022 9:14,R_d76MGHMzKat3Iqd,2,,3.5
4/12/2022 8:46,4/12/2022 9:14,0,167.96.58.112,100,1677,1,4/12/2022 9:14,R_4YIoX0kl4RgMgRb,3,3.37,
4/12/2022 8:49,4/12/2022 9:36,0,72.207.228.246,100,2815,1,4/12/2022 9:36,R_3CVZFyJeHojH1aY,3,3.5,
4/12/2022 9:49,4/12/2022 10:19,0,167.96.66.119,100,1832,1,4/12/2022 10:19,R_2fecHEL3TyjJhrG,3,3.5,
4/12/2022 9:49,4/12/2022 10:20,0,174.77.82.134,100,1875,1,4/12/2022 10:20,R_3CHkHUb4sfahySl,5,3.565,
4/12/2022 9:57,4/12/2022 10:21,0,167.96.98.163,100,1436,1,4/12/2022 10:21,R_3EWEkdWnxj2ZlIY,3,3.7,
4/11/2022 20:47,4/12/2022 10:47,0,184.180.109.60,100,50384,1,4/12/2022 10:47,R_XXoAjP8OWuAvcpX,3,3.9,
4/12/2022 10:28,4/12/2022 10:52,0,72.207.232.122,100,1472,1,4/12/2022 10:52,R_1lzYiZkloXonqxD,3,3.53,
4/12/2022 10:20,4/12/2022 11:10,0,167.96.105.157,100,2971,1,4/12/2022 11:10,R_UFx8W2eRQUO3vmF,2,,3.8
4/12/2022 10:53,4/12/2022 11:27,0,167.96.73.86,100,2070,1,4/12/2022 11:27,R_1lrTBCchnDqs9SS,2,,4.2
4/12/2022 11:09,4/12/2022 11:29,0,167.96.73.122,100,1181,1,4/12/2022 11:29,R_1jxNGsYgM9LUmyj,3,3.65,
4/12/2022 11:24,4/12/2022 11:52,0,198.62.89.30,100,1708,1,4/12/2022 11:52,R_3g0ZZ2wurlgVG3u,3,3.5,
4/12/2022 11:34,4/12/2022 12:08,0,167.96.4.138,100,2023,1,4/12/2022 12:08,R_22lH8SvK8MFypJ6,3,3.8,
4/12/2022 12:00,4/12/2022 12:42,0,167.96.57.79,100,2510,1,4/12/2022 12:42,R_1MJMmiinB71IwCo,3,3.0,
4/12/2022 12:34,4/12/2022 12:53,0,68.105.37.246,100,1142,1,4/12/2022 12:53,R_2QRkXhWr1pdym2g,3,3.5,
4/12/2022 12:03,4/12/2022 12:54,0,167.96.105.87,100,3111,1,4/12/2022 12:54,R_12AqctfXIlsOJpf,3,4.067,
4/12/2022 12:28,4/12/2022 12:59,0,167.96.61.9,100,1885,1,4/12/2022 12:59,R_bCKhhZznQbkgLRf,2,,3.5
4/12/2022 12:30,4/12/2022 13:06,0,75.45.215.103,100,2163,1,4/12/2022 13:06,R_30dzOOQ5CfPpH67,5,3.3,
4/12/2022 12:41,4/12/2022 13:07,0,167.96.92.119,100,1590,1,4/12/2022 13:07,R_3MbZT6U2s96j3Ey,3,3.94,
4/12/2022 12:46,4/12/2022 13:08,0,167.96.19.29,100,1326,1,4/12/2022 13:08,R_3PNuHxIoG2oNjTY,3,2.9,
4/12/2022 13:20,4/12/2022 13:34,0,70.186.187.4,100,815,1,4/12/2022 13:34,R_XSA4STpsyJCnvPz,3,,
4/12/2022 13:01,4/12/2022 13:38,0,167.96.79.152,100,2270,1,4/12/2022 13:38,R_Ahx1OzYInW3UT73,3,4.02,
4/11/2022 23:47,4/12/2022 13:59,0,167.96.53.210,100,51090,1,4/12/2022 13:59,R_SSLBAizNa4ABToZ,3,3.8,
4/12/2022 13:29,4/12/2022 14:06,0,167.96.20.13,100,2173,1,4/12/2022 14:06,R_27m05b3nHavbBCl,3,2.0,
4/12/2022 13:46,4/12/2022 14:23,0,167.96.92.9,100,2184,1,4/12/2022 14:23,R_248KBWEEpvmGOTt,3,3.0,
4/12/2022 13:53,4/12/2022 14:27,0,108.245.99.56,100,2037,1,4/12/2022 14:27,R_23209avb01EJqqE,3,3.3,
4/12/2022 13:57,4/12/2022 14:35,0,167.96.68.113,100,2279,1,4/12/2022 14:35,R_3jdqRQxfqCjfK9Q,3,3.0,
4/12/2022 13:50,4/12/2022 14:36,0,70.163.88.65,100,2751,1,4/12/2022 14:36,R_2TztTQydB1zdAMn,2,,4.0
4/12/2022 14:13,4/12/2022 14:39,0,69.148.133.116,100,1537,1,4/12/2022 14:39,R_2YAltUkOTH3PhmM,3,2.3,
4/12/2022 13:16,4/12/2022 14:42,0,167.96.25.202,100,5127,1,4/12/2022 14:42,R_1EjpBd0Q6DVWU8I,3,3.994,
4/12/2022 13:48,4/12/2022 14:42,0,167.96.105.52,100,3254,1,4/12/2022 14:42,R_2ahmj65ppreh4yT,3,3.4,
4/12/2022 14:39,4/12/2022 14:57,0,167.96.99.37,100,1080,1,4/12/2022 14:57,R_1Nqf80hV8VKcIp9,3,3.5,
4/12/2022 13:08,4/12/2022 14:59,0,174.64.10.49,100,6676,1,4/12/2022 14:59,R_21cRLIE3F46Fj37,3,3.6,
4/12/2022 14:43,4/12/2022 15:30,0,165.166.58.59,100,2786,1,4/12/2022 15:30,R_31YOW9CGvc9Evqd,3,3.8,
4/12/2022 15:12,4/12/2022 15:42,0,70.186.185.57,100,1846,1,4/12/2022 15:42,R_1oGC2SJe8zN9q2W,3,4.07,
4/12/2022 15:36,4/12/2022 15:54,0,167.96.23.237,100,1083,1,4/12/2022 15:54,R_1FgoapihmzK5eol,3,3.6,
4/12/2022 15:38,4/12/2022 15:56,0,72.207.236.27,100,1092,1,4/12/2022 15:56,R_3fdxv5UjP9PYVc8,2,,4.0
4/12/2022 15:28,4/12/2022 15:59,0,184.177.57.238,100,1858,1,4/12/2022 15:59,R_yE1pMOkKcFBQfvP,3,3.4,
4/12/2022 15:50,4/12/2022 16:15,0,70.163.88.65,100,1512,1,4/12/2022 16:15,R_1qfdSjNfmifa6JU,3,4.0,
4/12/2022 15:56,4/12/2022 16:31,0,167.96.61.173,100,2130,1,4/12/2022 16:31,R_3jdmNm6TJryORkj,2,,4.03
4/12/2022 16:02,4/12/2022 16:32,0,167.96.2.28,100,1816,1,4/12/2022 16:32,R_27CipCyLDbQ31sS,3,4.15,
4/12/2022 15:46,4/12/2022 16:39,0,68.110.133.238,100,3151,1,4/12/2022 16:39,R_3kGIR6Zy33un76Q,2,,3.4
4/12/2022 16:47,4/12/2022 17:25,0,172.103.84.73,100,2292,1,4/12/2022 17:25,R_2QJwn0Qrs5iYcTK,3,4.12,
4/12/2022 16:48,4/12/2022 17:30,0,207.229.100.25,100,2532,1,4/12/2022 17:30,R_sgGWqQqSpekCrTP,3,3.5,
4/12/2022 17:07,4/12/2022 17:34,0,64.56.26.10,100,1605,1,4/12/2022 17:34,R_bfM9w0TUB46icIp,3,3.42,
4/12/2022 16:59,4/12/2022 17:44,0,167.96.96.115,100,2712,1,4/12/2022 17:44,R_2P5ppVEWFfB7jzT,3,3.9,
4/12/2022 17:20,4/12/2022 17:53,0,167.96.24.221,100,2016,1,4/12/2022 17:53,R_3hbehOxXnuOjgh7,3,2.6,
4/12/2022 17:16,4/12/2022 18:08,0,72.207.216.96,100,3123,1,4/12/2022 18:08,R_110do4mtMUyHak4,3,3.06,
4/12/2022 18:34,4/12/2022 19:06,0,207.229.100.25,100,1902,1,4/12/2022 19:06,R_2sTGcVr1m2BD93H,3,3.8,
4/12/2022 18:37,4/12/2022 19:15,0,76.165.228.248,100,2270,1,4/12/2022 19:15,R_1q1zqS2MUW2jmth,3,2.5,
4/12/2022 19:04,4/12/2022 19:45,0,104.222.25.67,100,2420,1,4/12/2022 19:45,R_3gUA53GW7myim0X,3,3.54,
4/12/2022 19:03,4/12/2022 19:51,0,167.96.86.55,100,2880,1,4/12/2022 19:51,R_3qPfadvZXmT7khS,3,3.63,
4/12/2022 16:33,4/12/2022 20:01,0,167.96.40.102,100,12473,1,4/12/2022 20:01,R_AHREieoOQd4WKsN,3,3.88,
4/12/2022 19:13,4/12/2022 20:14,0,76.165.233.57,100,3652,1,4/12/2022 20:14,R_9WZhc3EDVhbQMp3,3,3.82,
4/12/2022 19:45,4/12/2022 20:17,0,72.203.144.117,100,1910,1,4/12/2022 20:17,R_1Nz8SjJeI18cZrN,3,3.8,
4/12/2022 19:54,4/12/2022 20:24,0,70.186.186.246,100,1806,1,4/12/2022 20:24,R_eQmGI5IPVrhOGRz,3,4.0,
4/12/2022 20:00,4/12/2022 20:28,0,167.96.30.115,100,1681,1,4/12/2022 20:28,R_5mCSqMxkQVpcOM9,2,,4.7
4/12/2022 20:07,4/12/2022 20:41,0,165.166.58.70,100,2039,1,4/12/2022 20:41,R_2RQhR56FSqfSHtL,3,3.301,
4/12/2022 20:03,4/12/2022 20:45,0,76.165.255.189,100,2544,1,4/12/2022 20:45,R_1hWrePhyIVJWW34,3,4.2,
4/12/2022 20:13,4/12/2022 20:54,0,107.141.183.227,100,2409,1,4/12/2022 20:54,R_3pgyoQUtcaD5Qbx,3,3.6,
4/12/2022 19:27,4/12/2022 20:55,0,172.103.84.73,100,5289,1,4/12/2022 20:55,R_3qkycH9EPRhsirO,3,3.5,
4/12/2022 20:54,4/12/2022 21:21,0,198.232.113.106,100,1656,1,4/12/2022 21:21,R_3fcOnYIHQCmccbt,3,3.75,
4/12/2022 21:08,4/12/2022 21:27,0,167.96.107.82,100,1122,1,4/12/2022 21:27,R_31o6K1Pbpqqr8BM,2,,4.00
4/12/2022 20:54,4/12/2022 21:29,0,68.226.241.93,100,2118,1,4/12/2022 21:29,R_1ItGFO2seZXxItL,2,,3.5
4/12/2022 21:02,4/12/2022 21:42,0,167.96.106.62,100,2402,1,4/12/2022 21:42,R_diEe5X73dsbtP2N,2,,4.0
4/13/2022 11:42,4/13/2022 12:41,0,167.96.54.219,100,3509,1,4/13/2022 12:41,R_2RVWjxZoLPJp9bC,3,4.1,
4/12/2022 20:54,4/13/2022 12:45,0,167.96.17.232,100,57102,1,4/13/2022 12:46,R_1Ceecle1E0o69v7,3,3.98,
4/13/2022 13:26,4/13/2022 14:41,0,167.96.60.107,100,4499,1,4/13/2022 14:42,R_VIIX3qkyqDSZfpv,3,3.2,
4/13/2022 14:22,4/13/2022 14:56,0,72.219.47.42,100,2030,1,4/13/2022 14:56,R_qL7hMmJk9ykNiHn,3,4.0,
4/12/2022 9:35,4/13/2022 19:06,0,167.96.29.111,100,120660,1,4/13/2022 19:06,R_2QXlORFuD3gTquF,3,4.01,
4/12/2022 13:44,4/13/2022 21:44,0,99.14.203.139,100,115192,1,4/13/2022 21:44,R_1I9RzNcLaE6Uotc,3,2.8,
4/13/2022 20:47,4/14/2022 5:13,0,207.229.100.35,100,30384,1,4/14/2022 5:13,R_PBQTBYUlEUp7wSl,2,,3.9
4/14/2022 16:25,4/14/2022 16:59,0,198.232.113.111,100,2062,1,4/14/2022 16:59,R_3ssGSn8aY8xD4uV,3,3.8,
4/14/2022 18:59,4/14/2022 20:31,0,216.115.151.113,100,5494,1,4/14/2022 20:31,R_3Kw60xvII46hPT7,3,3.85,
4/14/2022 23:35,4/15/2022 0:52,0,167.96.31.185,100,4637,1,4/15/2022 0:52,R_10UVJX5RnBe4qpz,3,4.0,
4/15/2022 10:20,4/15/2022 11:08,0,73.203.195.91,100,2889,1,4/15/2022 11:08,R_2ZVv0ATiwpK6UdG,3,3.2,
4/15/2022 10:41,4/15/2022 11:08,0,165.166.58.65,100,1634,1,4/15/2022 11:08,R_vlaDEuSD7UKZz7b,3,3.79,
4/12/2022 20:54,4/15/2022 11:53,0,47.38.55.58,100,226722,1,4/15/2022 11:53,R_3sp5slTjiB4IBRK,3,3.6,
4/15/2022 13:09,4/15/2022 13:31,0,12.206.233.251,100,1364,1,4/15/2022 13:31,R_2UXfu569cGB073E,2,,4.0
4/15/2022 16:00,4/15/2022 16:40,0,24.248.9.71,100,2450,1,4/15/2022 16:40,R_2WYXgJ4api2bLFZ,3,3.63,
4/16/2022 10:54,4/16/2022 12:11,0,72.105.213.86,100,4568,1,4/16/2022 12:11,R_2TSQ3XT5b1rAbSi,3,2.7,
4/16/2022 15:37,4/16/2022 16:25,0,72.203.155.122,100,2886,1,4/16/2022 16:25,R_1OlBV39m4nqm81w,3,2.5,
4/16/2022 16:09,4/16/2022 17:12,0,68.11.46.108,100,3799,1,4/16/2022 17:12,R_1FKAuFUOxwtFRez,3,3.0,
4/17/2022 11:41,4/17/2022 12:22,0,184.186.26.157,100,2406,1,4/17/2022 12:22,R_215ji3HYv4cdWYi,3,3.63,
4/17/2022 14:04,4/17/2022 14:37,0,172.103.84.65,100,1945,1,4/17/2022 14:37,R_1NrBW2LHcj1KWpa,2,,3.9
4/17/2022 19:30,4/17/2022 19:54,0,70.188.109.93,100,1473,1,4/17/2022 19:54,R_2R4cuo5GHh3ODuQ,5,3.88,
4/17/2022 19:34,4/17/2022 20:17,0,130.39.0.217,100,2599,1,4/17/2022 20:17,R_1FCFhsLMHLZri5D,3,3.8,
4/12/2022 12:36,4/18/2022 1:32,0,167.96.81.38,100,478585,1,4/18/2022 1:32,R_24krufTsZCnPnmz,3,3.89,
4/18/2022 9:33,4/18/2022 10:30,0,167.96.61.149,100,3446,1,4/18/2022 10:30,R_2uDnwhdUXwHifWA,3,3.31,
4/18/2022 10:20,4/18/2022 10:42,0,167.96.125.149,100,1290,1,4/18/2022 10:42,R_1MSVZHScax85FKm,3,2.1,
4/18/2022 11:34,4/18/2022 11:54,0,167.96.43.107,100,1170,1,4/18/2022 11:54,R_1LIHUdsKMOuGilG,3,4.3,
4/18/2022 8:54,4/18/2022 12:11,0,72.214.125.138,100,11788,1,4/18/2022 12:11,R_1ItoI9Un1oHBfkp,3,3.89,
4/18/2022 15:17,4/18/2022 16:29,0,104.176.87.60,100,4371,1,4/18/2022 16:29,R_1QsWH9waGzWfCpk,3,3.5,
4/17/2022 20:05,4/18/2022 17:15,0,68.11.224.58,100,76188,1,4/18/2022 17:15,R_2TFRTQTHOh2tpnJ,3,3.2,
4/18/2022 18:54,4/18/2022 19:39,0,174.64.18.139,100,2677,1,4/18/2022 19:39,R_2PdJl6mjWxAaRQw,2,,4.0
4/18/2022 19:26,4/18/2022 20:24,0,174.64.18.139,100,3479,1,4/18/2022 20:24,R_0ClngZiW9RpNIWt,2,,3.94
4/18/2022 19:58,4/18/2022 20:30,0,72.207.237.227,100,1945,1,4/18/2022 20:30,R_BLdk7TkbbeS5dn3,5,3.4,
4/12/2022 10:35,4/18/2022 23:12,0,98.181.22.87,100,563823,1,4/18/2022 23:12,R_3fDjRCXLE9doNwe,2,,3.9
4/18/2022 21:39,4/18/2022 23:39,0,167.96.77.16,100,7191,1,4/18/2022 23:39,R_3EDTY3Rqm7CUFFn,3,3.97,
4/19/2022 6:48,4/19/2022 7:07,0,107.141.182.140,100,1128,1,4/19/2022 7:07,R_pnH96y310E2rG0h,3,4.01,
4/19/2022 9:52,4/19/2022 10:36,0,98.181.58.152,100,2682,1,4/19/2022 10:36,R_3GeowKpcUK5HW6I,3,3.80,
4/19/2022 11:29,4/19/2022 12:07,0,167.96.71.43,100,2261,1,4/19/2022 12:07,R_wZziCHzq59oeMzn,2,,3.5
4/12/2022 12:50,4/19/2022 12:59,0,68.228.114.124,100,605329,1,4/19/2022 12:59,R_1NDofgwXyzHGllb,3,3.0,
4/19/2022 14:49,4/19/2022 15:18,0,184.177.57.238,100,1760,1,4/19/2022 15:18,R_1lAbnIDpYWvHOiu,3,3.9,
4/19/2022 15:39,4/19/2022 16:12,0,198.232.113.99,100,1957,1,4/19/2022 16:12,R_3a7IOzOzzt29ag1,3,3.0,
4/19/2022 15:16,4/19/2022 16:32,0,174.64.17.81,100,4530,1,4/19/2022 16:32,R_2aKnv1g0MNxEDBX,3,3.75,
4/19/2022 15:52,4/19/2022 16:35,0,167.96.79.133,100,2610,1,4/19/2022 16:35,R_1mCrsglBM1ljClr,3,3.0 ,
4/19/2022 15:21,4/19/2022 16:35,0,75.45.214.121,100,4480,1,4/19/2022 16:35,R_3lK7wn0BqBc5Jxu,2,,4.1
4/19/2022 16:09,4/19/2022 18:01,0,70.186.183.176,100,6699,1,4/19/2022 18:01,R_2EuB2aM0yldnT4B,3,3.60,
4/19/2022 16:32,4/19/2022 18:16,0,24.255.93.234,100,6198,1,4/19/2022 18:16,R_qQ2WwJ8C4Kx7Bwl,3,2.45,
4/19/2022 20:53,4/19/2022 21:33,0,98.185.143.36,100,2428,1,4/19/2022 21:33,R_w6omCPCakLy4mFr,3,3.8,
4/19/2022 22:43,4/19/2022 23:22,0,174.77.82.134,100,2334,1,4/19/2022 23:22,R_O0slwgcRkcxWHvj,3,3.4,
4/20/2022 6:07,4/20/2022 6:50,0,172.103.84.65,100,2588,1,4/20/2022 6:50,R_1FrkS7MMXr3NJeQ,3,3.3,
4/20/2022 6:37,4/20/2022 7:10,0,70.186.185.156,100,1985,1,4/20/2022 7:10,R_1exgrkuEBQXV0cU,2,,2.9
4/20/2022 6:38,4/20/2022 7:21,0,104.222.25.67,100,2548,1,4/20/2022 7:21,R_2WMSqzqY9cJcUJk,2,,3.9
4/20/2022 7:31,4/20/2022 8:33,0,167.96.45.116,100,3703,1,4/20/2022 8:33,R_3lAfBdZ2xO6kkrt,3,4.0,
4/20/2022 8:42,4/20/2022 9:40,0,167.96.53.122,100,3509,1,4/20/2022 9:40,R_31ylF2ehqaUPN5l,3,1.75,
4/20/2022 9:12,4/20/2022 10:05,0,167.96.35.149,100,3212,1,4/20/2022 10:06,R_2z8zyh5LzenBehC,3,3.92,
4/21/2022 14:15,4/21/2022 14:37,0,167.96.119.149,100,1341,1,4/21/2022 14:37,R_1Fs7PXxIx5kjHLD,2,,3.54
4/21/2022 14:44,4/21/2022 14:55,0,167.96.111.44,100,613,1,4/21/2022 14:55,R_1luTvmpkr4VDiRa,3,3.1,
4/21/2022 14:49,4/21/2022 15:20,0,167.96.97.39,100,1830,1,4/21/2022 15:20,R_d0GnJodfOjLANdD,3,3.5,
4/21/2022 14:56,4/21/2022 15:28,0,167.96.47.223,100,1962,1,4/21/2022 15:28,R_3rZn6Y94sdr4nvH,2,,3.9
4/21/2022 14:57,4/21/2022 15:36,0,167.96.122.61,100,2320,1,4/21/2022 15:36,R_1llzlcDLSlYlz6C,5,3.0,
4/21/2022 15:23,4/21/2022 15:39,0,72.203.145.63,100,936,1,4/21/2022 15:39,R_1QN3BZKcmXji1HT,3,3.7,
4/21/2022 15:46,4/21/2022 15:58,0,167.96.50.3,100,750,1,4/21/2022 15:58,R_2OVVy2Lj0pYsnj5,2,,3
4/21/2022 15:18,4/21/2022 16:03,0,167.96.73.203,100,2693,1,4/21/2022 16:03,R_8df1ywytb6cf5HX,2,,4.0
4/21/2022 15:40,4/21/2022 16:09,0,72.207.236.27,100,1774,1,4/21/2022 16:09,R_3CKhtHgctIuhHRK,3,3.5,
4/21/2022 15:37,4/21/2022 16:14,0,167.96.41.17,100,2237,1,4/21/2022 16:14,R_1rpIulvojlkaKpz,3,4.02,
4/21/2022 15:53,4/21/2022 16:51,0,72.207.231.246,100,3441,1,4/21/2022 16:51,R_2xWUNDDnpDybV7u,3,3.66,
4/21/2022 16:32,4/21/2022 17:13,0,167.96.26.143,100,2456,1,4/21/2022 17:13,R_Q3UYKzvUvdoyS0p,3,3.5,
4/21/2022 16:58,4/21/2022 17:26,0,165.166.58.74,100,1689,1,4/21/2022 17:26,R_2R2kw7j7jm6dWal,3,3.33,
4/21/2022 17:14,4/21/2022 17:52,0,70.163.88.65,100,2261,1,4/21/2022 17:52,R_1CxxxEu6BTyDgFV,3,3.1,
4/21/2022 17:41,4/21/2022 18:29,0,167.96.38.104,100,2831,1,4/21/2022 18:29,R_2Cq9bFAikYhtl9h,3,3.8,
4/21/2022 18:01,4/21/2022 18:33,0,207.229.100.25,100,1909,1,4/21/2022 18:33,R_21vQMu4pdkO1Evs,3,3.5,
4/21/2022 18:22,4/21/2022 19:10,0,24.248.9.71,100,2926,1,4/21/2022 19:11,R_QcXqLpyp4RQKPBf,3,3.8,
4/21/2022 18:48,4/21/2022 19:24,0,107.77.201.59,100,2127,1,4/21/2022 19:24,R_3EuQwh5TkbuAkxm,2,,3.6
4/21/2022 19:27,4/21/2022 20:16,0,216.115.148.83,100,2960,1,4/21/2022 20:16,R_2YP5myd8OmUJ4ax,3,2.5,
4/21/2022 20:20,4/21/2022 21:03,0,167.96.66.244,100,2589,1,4/21/2022 21:03,R_3n902Wet3OChGAs,3,3.5,
4/21/2022 21:07,4/21/2022 21:41,0,174.69.136.100,100,2029,1,4/21/2022 21:41,R_2UflGQSBtJqJKFJ,3,3.1,
4/21/2022 21:00,4/21/2022 21:52,0,167.96.70.115,100,3133,1,4/21/2022 21:52,R_2tsZSrf4u5rJMFb,3,2.8,
4/21/2022 22:02,4/21/2022 22:14,0,207.229.100.145,100,693,1,4/21/2022 22:14,R_RdVEcnf9pYMXGPn,3,3.2,
4/21/2022 21:55,4/21/2022 22:44,0,167.96.57.194,100,2937,1,4/21/2022 22:44,R_1FEb3CAOREEIh3E,3,3.0,
4/21/2022 22:37,4/21/2022 23:12,0,72.207.220.5,100,2100,1,4/21/2022 23:12,R_vUn40gXz5BtMtHP,3,3.4,
4/21/2022 15:21,4/22/2022 0:21,0,167.96.60.214,100,32390,1,4/22/2022 0:21,R_3gLpNz2wIwAv7oN,3,3.4,
4/21/2022 23:56,4/22/2022 0:44,0,167.96.24.254,100,2877,1,4/22/2022 0:44,R_22lHkaPrtkvIo8b,3,3.09,
4/22/2022 7:50,4/22/2022 8:04,0,167.96.38.198,100,816,1,4/22/2022 8:04,R_12Eiu8zj8iN03ap,3,2.75,
4/21/2022 16:34,4/22/2022 9:33,0,167.96.3.130,100,61173,1,4/22/2022 9:33,R_2A0CdFG3nNdwLJ4,2,,3.8
4/22/2022 9:37,4/22/2022 10:05,0,167.96.62.185,100,1705,1,4/22/2022 10:05,R_1MYCoMxXBcHRkfy,3,2.3,
4/22/2022 9:48,4/22/2022 10:17,0,167.96.75.107,100,1736,1,4/22/2022 10:17,R_sMa5OUlmfSn1yr7,3,3.5,
4/22/2022 10:18,4/22/2022 10:58,0,167.96.117.236,100,2392,1,4/22/2022 10:58,R_vv6ZG6rpz2xWMqR,3,3.2,
4/22/2022 11:27,4/22/2022 12:00,0,99.44.10.12,100,1967,1,4/22/2022 12:00,R_1IXYnGhxqMeN3Nz,2,,4.57
4/22/2022 18:13,4/22/2022 18:55,0,99.116.36.5,100,2498,1,4/22/2022 18:55,R_vH134p7EOAmTrmp,2,,4.11
4/23/2022 7:07,4/23/2022 7:44,0,64.237.90.125,100,2182,1,4/23/2022 7:44,R_3EcHRmINakjF9PI,4,3.96,
4/23/2022 22:06,4/23/2022 22:32,0,72.200.229.4,100,1519,1,4/23/2022 22:32,R_1LOU8pdnryj1HsY,3,3.83,
4/24/2022 9:08,4/24/2022 9:40,0,173.217.181.46,100,1950,1,4/24/2022 9:40,R_3s6pKzusOKRUCtR,3,4.1,
4/24/2022 10:37,4/24/2022 11:09,0,174.73.97.172,100,1932,1,4/24/2022 11:09,R_10vBZbngFw7Tm4c,3,3.9,
4/24/2022 20:07,4/24/2022 21:05,0,167.96.10.26,100,3535,1,4/24/2022 21:06,R_2urfh36D89WRbOw,3,4.06,
4/25/2022 7:33,4/25/2022 8:08,0,72.203.143.25,100,2085,1,4/25/2022 8:08,R_1eUyDU7IFvWGazz,2,,Around 3.2 
4/25/2022 7:50,4/25/2022 8:28,0,68.227.137.207,100,2313,1,4/25/2022 8:28,R_1PTNG15e9O4RFiU,2,,3.2
4/25/2022 8:37,4/25/2022 8:55,0,72.207.219.242,100,1089,1,4/25/2022 8:55,R_2QJSwF7s1FY3g2q,3,3.80,
4/25/2022 7:42,4/25/2022 8:56,0,68.11.151.231,100,4462,1,4/25/2022 8:56,R_3oZK5nZjkaaENy7,2,,3.87
4/25/2022 8:34,4/25/2022 8:57,0,167.96.40.100,100,1361,1,4/25/2022 8:57,R_Zaz4QgYA9eBdJCN,3,3.66,
4/25/2022 9:05,4/25/2022 9:37,0,167.96.142.50,100,1950,1,4/25/2022 9:37,R_esUM6Zvn4GaRWql,3,3.67,
4/25/2022 9:40,4/25/2022 10:03,0,70.172.231.3,100,1369,1,4/25/2022 10:03,R_2anOxyKi03HW8Ms,4,2.7,
4/25/2022 9:28,4/25/2022 10:05,0,167.96.84.155,100,2215,1,4/25/2022 10:05,R_1Hhk1wFs2qRdtLJ,3,3.25,
4/25/2022 9:48,4/25/2022 10:09,0,167.96.11.180,100,1262,1,4/25/2022 10:09,R_2q8UPWKaTjWj9UM,3,freshman,
4/25/2022 9:48,4/25/2022 10:12,0,167.96.242.80,100,1428,1,4/25/2022 10:12,R_1iflLjjMFua5ZzU,2,,3.34
4/25/2022 10:10,4/25/2022 10:23,0,167.96.109.235,100,804,1,4/25/2022 10:23,R_3fBLsMxyEDokyLo,2,,4.0
4/25/2022 8:47,4/25/2022 10:24,0,167.96.124.73,100,5819,1,4/25/2022 10:24,R_yjYoiRdDJYTeAff,3,3.0,
4/25/2022 9:55,4/25/2022 10:31,0,167.96.102.45,100,2155,1,4/25/2022 10:31,R_bKisZdE1PuwgWn7,2,,4.0
4/25/2022 9:47,4/25/2022 10:37,0,167.96.87.140,100,2980,1,4/25/2022 10:37,R_1NwOP1KQmav1zMJ,3,2.0,
4/25/2022 10:19,4/25/2022 10:44,0,167.96.74.231,100,1483,1,4/25/2022 10:44,R_2ypgzWmoKrq2EV5,2,,3.8
4/25/2022 10:16,4/25/2022 10:45,0,167.96.121.154,100,1777,1,4/25/2022 10:45,R_1KcKpdtiIR3Wi5m,3,2.75,
4/25/2022 10:36,4/25/2022 11:06,0,167.96.24.143,100,1781,1,4/25/2022 11:06,R_2R1BFVb38sKpjy7,3,3.7,
4/25/2022 10:41,4/25/2022 11:07,0,167.96.68.116,100,1552,1,4/25/2022 11:07,R_bkptScfzEwlFFGF,3,3.6,
4/25/2022 10:33,4/25/2022 11:07,0,167.96.70.152,100,2044,1,4/25/2022 11:07,R_3NyxgqauKMbg9ks,3,3.8,
4/25/2022 11:16,4/25/2022 11:35,0,72.219.54.117,100,1139,1,4/25/2022 11:35,R_2f9SKbxTQAmx7vJ,2,,3.8
4/25/2022 10:18,4/25/2022 11:43,0,167.96.99.131,100,5081,1,4/25/2022 11:43,R_3JqqSiIffIPsYDI,3,3.0,
4/25/2022 10:41,4/25/2022 11:43,0,167.96.87.11,100,3731,1,4/25/2022 11:44,R_1f2WsuROxTdir6m,3,,
4/25/2022 10:41,4/25/2022 11:45,0,174.203.38.128,100,3825,1,4/25/2022 11:45,R_2Pp63LnazEuoVXc,3,3.65,
4/25/2022 11:20,4/25/2022 11:49,0,167.96.20.204,100,1737,1,4/25/2022 11:49,R_2Yh7aEhXsQ7wWos,3,3.6,
4/25/2022 11:35,4/25/2022 11:50,0,70.165.118.52,100,889,1,4/25/2022 11:50,R_3nSMFX36eg9IhSP,3,4.0,
4/25/2022 11:10,4/25/2022 11:59,0,167.96.110.196,100,2925,1,4/25/2022 11:59,R_0PKFQ70eJcGRHWh,3,4.1,
4/25/2022 11:38,4/25/2022 12:04,0,167.96.82.207,100,1597,1,4/25/2022 12:04,R_u861WIm4dHMjrEt,2,,3.6
4/25/2022 11:48,4/25/2022 12:06,0,167.96.28.109,100,1080,1,4/25/2022 12:06,R_3lLjfvJtyhfP1fQ,3,3.2,
4/25/2022 11:49,4/25/2022 12:18,0,174.77.82.134,100,1700,1,4/25/2022 12:18,R_2CVdk4CeszPt7dO,3,3.7,
4/25/2022 11:57,4/25/2022 12:33,0,72.219.14.16,100,2163,1,4/25/2022 12:33,R_3R30lU6LGg2Yiiu,3,2.71,
4/25/2022 11:56,4/25/2022 12:34,0,167.96.97.52,100,2308,1,4/25/2022 12:35,R_3qEYqtosVRaicCD,3,3.10,
4/25/2022 11:31,4/25/2022 12:34,0,107.77.196.237,100,3822,1,4/25/2022 12:35,R_1dtT05xI8hOwrSe,3,3.87,
4/25/2022 11:12,4/25/2022 12:42,0,167.96.99.30,100,5416,1,4/25/2022 12:42,R_1GJQDmGsBdic899,3,3.76,
4/25/2022 11:57,4/25/2022 12:42,0,70.163.88.65,100,2723,1,4/25/2022 12:42,R_3lANCGd1vUf5sQ2,3,3.0,
4/25/2022 12:19,4/25/2022 12:51,0,72.207.235.132,100,1965,1,4/25/2022 12:51,R_6fWLPQdPw1l6RWx,3,3.2,
4/25/2022 12:48,4/25/2022 13:16,0,167.96.30.9,100,1658,1,4/25/2022 13:16,R_2R9bk8P5d4v7fHh,2,,3.5
4/25/2022 12:31,4/25/2022 13:18,0,107.77.201.170,100,2802,1,4/25/2022 13:18,R_1eWdLG09iDPs6A4,3,3.12,
4/25/2022 12:40,4/25/2022 13:18,0,167.96.103.199,100,2314,1,4/25/2022 13:18,R_31mvjKtOItPvq4X,3,3.7,
4/25/2022 12:19,4/25/2022 13:24,0,68.105.152.232,100,3862,1,4/25/2022 13:24,R_2tnv0N16sDZ5Dkw,3,3.08,
4/25/2022 13:17,4/25/2022 13:29,0,204.196.244.252,100,734,1,4/25/2022 13:29,R_3nqQO0c6fr2uXXi,3,3.4,
4/25/2022 13:19,4/25/2022 13:34,0,72.207.216.168,100,879,1,4/25/2022 13:34,R_1ILvAh5lIcYRKbc,3,2.8,
4/25/2022 12:09,4/25/2022 13:41,0,167.96.101.231,100,5537,1,4/25/2022 13:41,R_3Rr7Uef43oPXruF,3,4.03,
4/25/2022 13:01,4/25/2022 13:42,0,167.96.61.240,100,2449,1,4/25/2022 13:42,R_RUDwFKNY91AIm0F,3,2.8,
4/25/2022 13:23,4/25/2022 13:45,0,167.96.118.59,100,1332,1,4/25/2022 13:45,R_RlrZWpYWC3rVocN,3,3.9,
4/25/2022 13:09,4/25/2022 13:46,0,172.103.84.65,100,2202,1,4/25/2022 13:46,R_3QGa875UPetC2TF,3,3.75,
4/25/2022 13:08,4/25/2022 13:56,0,23.112.191.174,100,2850,1,4/25/2022 13:56,R_24uZwm0DfZsVrYQ,3,2.8,
4/25/2022 13:00,4/25/2022 14:00,0,70.163.88.65,100,3550,1,4/25/2022 14:00,R_3j04vvNm1PUM4zs,3,2.3,
4/25/2022 13:28,4/25/2022 14:17,0,167.96.118.142,100,2921,1,4/25/2022 14:17,R_V45C2iiroEZou65,3,3.12,
4/25/2022 12:25,4/25/2022 14:19,0,70.163.88.65,100,6845,1,4/25/2022 14:19,R_9YMM9ElS9VgcuOJ,3,2.8,
4/25/2022 13:53,4/25/2022 14:29,0,72.203.157.182,100,2159,1,4/25/2022 14:29,R_3oASlkHbtMBXnhu,3,3.71,
4/25/2022 13:51,4/25/2022 14:30,0,72.203.157.182,100,2366,1,4/25/2022 14:30,R_1dsNKb2C6ONLfyl,3,3.87,
4/22/2022 8:08,4/25/2022 14:31,0,167.96.31.80,100,282196,1,4/25/2022 14:31,R_3fOkDhx09HzEalS,2,,3.0
4/25/2022 13:33,4/25/2022 14:34,0,72.214.125.138,100,3710,1,4/25/2022 14:34,R_1MWns5aHRvnEpAo,3,3.4,
4/25/2022 14:07,4/25/2022 14:36,0,72.207.229.219,100,1700,1,4/25/2022 14:36,R_1HpA8ZInmVNkYkQ,3,2.9,
4/25/2022 14:07,4/25/2022 14:38,0,167.96.102.132,100,1902,1,4/25/2022 14:38,R_DCfL4PZHYHuR9Jv,2,,3.9
4/25/2022 13:54,4/25/2022 14:38,0,167.96.103.20,100,2654,1,4/25/2022 14:38,R_1GVUfNTLrgjs1k9,3,2.6,
4/25/2022 14:22,4/25/2022 14:50,0,130.39.143.184,100,1705,1,4/25/2022 14:50,R_2fwwVOMhjzNHm3C,2,,3.5
4/25/2022 14:29,4/25/2022 14:59,0,70.165.124.162,100,1758,1,4/25/2022 14:59,R_vf3lu7hrMerZV8B,2,,3.1
4/25/2022 14:20,4/25/2022 14:59,0,70.172.225.70,100,2358,1,4/25/2022 14:59,R_1NwxzYyDud3WQjG,2,,3.7
4/25/2022 14:21,4/25/2022 14:59,0,104.222.26.249,100,2284,1,4/25/2022 14:59,R_2vfgCCQW5i0KrsR,3,,
4/25/2022 14:28,4/25/2022 15:00,0,167.96.41.14,100,1966,1,4/25/2022 15:00,R_3O9zIdhrLuXba4P,2,,3.0
4/25/2022 14:22,4/25/2022 15:01,0,99.122.72.203,100,2389,1,4/25/2022 15:01,R_UW1h9TpQUCprXaN,3,2.6,
4/25/2022 14:37,4/25/2022 15:02,0,167.96.96.192,100,1461,1,4/25/2022 15:02,R_b8aUJHnrKDoeS1X,3,2.8,
4/25/2022 14:30,4/25/2022 15:12,0,167.96.102.137,100,2481,1,4/25/2022 15:12,R_3GEfPpR4Hvmbc5L,3,3.3,
4/25/2022 15:08,4/25/2022 15:36,0,167.96.92.102,100,1692,1,4/25/2022 15:36,R_838fKVrv9NvX6ff,2,,3.5
4/25/2022 13:33,4/25/2022 15:44,0,70.165.118.52,100,7866,1,4/25/2022 15:44,R_2A0DQz1bDDl5hBT,3,3.0,
4/25/2022 15:15,4/25/2022 15:54,0,99.14.206.165,100,2327,1,4/25/2022 15:54,R_2QgimAbMDT5ptkR,2,,3.0
4/25/2022 15:12,4/25/2022 15:57,0,167.96.69.115,100,2717,1,4/25/2022 15:57,R_3HOzaWxg3FmPADQ,2,,3.6
4/25/2022 15:04,4/25/2022 15:58,0,107.77.199.181,100,3233,1,4/25/2022 15:58,R_1lftXtFDg7psR8U,3,2.95,
4/25/2022 14:52,4/25/2022 15:59,0,167.96.50.138,100,4031,1,4/25/2022 15:59,R_2Bmn2ydZjcpHULy,3,2.6,
4/25/2022 15:53,4/25/2022 16:45,0,99.113.95.13,100,3110,1,4/25/2022 16:45,R_1Ckb9Cze7Owkc22,3,3.27,
4/25/2022 16:08,4/25/2022 17:02,0,70.241.196.101,100,3236,1,4/25/2022 17:02,R_3PjiAR5c3wQuVsJ,3,2.9,
4/25/2022 16:24,4/25/2022 17:25,0,167.96.60.25,100,3659,1,4/25/2022 17:25,R_38ex7hnGKdC3hgR,3,2.7,
4/25/2022 16:48,4/25/2022 17:31,0,167.96.65.124,100,2552,1,4/25/2022 17:31,R_3EuRSTbYrOObRyB,2,,4.0
4/25/2022 17:08,4/25/2022 17:32,0,167.96.148.254,100,1447,1,4/25/2022 17:32,R_2D8NdN4eXBH7rqS,3,3.9,
4/25/2022 17:02,4/25/2022 17:32,0,172.103.84.65,100,1814,1,4/25/2022 17:32,R_ABEwvptg7AIt51n,3,3.2,
4/25/2022 17:34,4/25/2022 17:54,0,174.79.117.226,100,1243,1,4/25/2022 17:54,R_CdxqA7I9MjOW08x,4,3.56,
4/25/2022 17:39,4/25/2022 18:10,0,70.165.124.142,100,1854,1,4/25/2022 18:10,R_e5Prcd6hJoGLUnD,3,3.89,
4/25/2022 17:39,4/25/2022 18:21,0,69.31.157.140,100,2547,1,4/25/2022 18:21,R_AvXKOjkgPOjVh9D,4,3.7,
4/25/2022 17:48,4/25/2022 18:35,0,107.123.33.9,100,2836,1,4/25/2022 18:35,R_2fjj9ZbSMuWW4c2,3,3.25,
4/25/2022 18:37,4/25/2022 19:11,0,167.96.89.55,100,2030,1,4/25/2022 19:11,R_RJlX78beUZictot,3,3.2,
4/25/2022 18:40,4/25/2022 19:22,0,174.69.133.21,100,2514,1,4/25/2022 19:22,R_3eqmPsBZsnLxMaA,3,3.0,
4/25/2022 19:06,4/25/2022 19:54,0,71.8.110.126,100,2859,1,4/25/2022 19:54,R_3QVOZJMZ6iCjknj,3,2.6,
4/25/2022 19:39,4/25/2022 20:11,0,108.249.69.66,100,1949,1,4/25/2022 20:11,R_3flV3eI7JHRCkRq,3,3.63,
4/25/2022 20:04,4/25/2022 20:16,0,167.96.84.142,100,728,1,4/25/2022 20:16,R_d6UzD19iMuo186R,2,,3.6
4/25/2022 19:40,4/25/2022 20:20,0,167.96.82.223,100,2412,1,4/25/2022 20:20,R_1IRFV9WpuA3mLas,3,3.35,
4/25/2022 19:52,4/25/2022 20:25,0,167.96.6.190,100,1957,1,4/25/2022 20:25,R_3lA18Zq9ri3FUpQ,3,2.8,
4/25/2022 20:02,4/25/2022 20:46,0,167.96.83.234,100,2635,1,4/25/2022 20:46,R_s7k1pOA96FctmuJ,3,3.5 ,
4/25/2022 17:15,4/25/2022 20:48,0,174.77.82.134,100,12803,1,4/25/2022 20:49,R_tYDulnEuVtdYiDT,3,3.8,
4/25/2022 20:43,4/25/2022 21:08,0,107.77.196.231,100,1473,1,4/25/2022 21:08,R_27OJBkj2EcREidk,4,3.5,
4/25/2022 21:36,4/25/2022 22:09,0,167.96.82.219,100,1991,1,4/25/2022 22:09,R_2wEK0Yoddt7OOIK,3,3.41,
4/25/2022 21:36,4/25/2022 22:13,0,70.172.238.248,100,2222,1,4/25/2022 22:13,R_3HMlrQ1m8nvo0Jm,3,3.8,
4/25/2022 21:31,4/25/2022 22:14,0,68.227.130.118,100,2598,1,4/25/2022 22:14,R_3ktR4VaJ0e7SDcD,3,3.3,
4/25/2022 21:14,4/25/2022 22:14,0,68.105.43.33,100,3626,1,4/25/2022 22:15,R_1oj9rmZlJjWCfnW,3,3.36,
4/25/2022 21:36,4/25/2022 22:16,0,70.163.88.65,100,2386,1,4/25/2022 22:16,R_1QxDHFOMnwyiHX6,3,2.5,
4/25/2022 21:07,4/25/2022 22:16,0,167.96.2.72,100,4171,1,4/25/2022 22:16,R_2BlZvO0y7O2ykFz,3,3.2,
4/25/2022 22:35,4/25/2022 23:18,0,70.163.88.65,100,2596,1,4/25/2022 23:18,R_1Lj4vqesDrwnknc,3,3.4,
4/25/2022 22:47,4/25/2022 23:28,0,165.166.58.63,100,2441,1,4/25/2022 23:28,R_3PB3cHvIuG1s1XP,5,3.0,
4/25/2022 22:50,4/25/2022 23:38,0,70.186.184.26,100,2906,1,4/25/2022 23:38,R_29oVFxaHfM0vUgz,3,3.046,
4/25/2022 23:06,4/26/2022 0:04,0,167.96.4.119,100,3493,1,4/26/2022 0:04,R_2Ez0HH4zcmX9Qm0,2,,3.76
4/26/2022 0:25,4/26/2022 0:53,0,66.186.241.175,100,1661,1,4/26/2022 0:53,R_2aV0Ij5IQOIzEQw,3,3.3,
4/26/2022 6:51,4/26/2022 7:18,0,72.203.155.229,100,1637,1,4/26/2022 7:18,R_1GxMzWHuNyHBVBb,3,3.5,
4/26/2022 7:35,4/26/2022 7:50,0,167.96.59.176,100,858,1,4/26/2022 7:50,R_dmPPaQgNlu9EPGV,3,3.5,
4/26/2022 7:36,4/26/2022 8:00,0,167.96.108.118,100,1461,1,4/26/2022 8:00,R_3ik8RNw33wDQwny,3,4.04,
4/26/2022 7:54,4/26/2022 8:17,0,167.96.63.240,100,1383,1,4/26/2022 8:17,R_3JrWEtwn6C6YSe6,3,3.0,
4/26/2022 8:04,4/26/2022 8:37,0,167.96.21.9,100,2033,1,4/26/2022 8:38,R_Wv3bukerqIFvCo1,3,3.02,
4/26/2022 8:04,4/26/2022 8:48,0,167.96.115.197,100,2622,1,4/26/2022 8:48,R_3HUC7l8O7ikaKD4,5,2.8,
4/26/2022 6:56,4/26/2022 8:54,0,68.225.98.24,100,7068,1,4/26/2022 8:54,R_1CyISNXYuFoMuVG,3,3.5,
4/26/2022 8:02,4/26/2022 8:59,0,167.96.129.189,100,3445,1,4/26/2022 8:59,R_bdDeydgo92Pxb8Z,3,4.0,
4/26/2022 8:07,4/26/2022 9:10,0,167.96.78.96,100,3749,1,4/26/2022 9:10,R_1hzpKJiXTf1sFA5,3,3.00,
4/26/2022 8:55,4/26/2022 9:19,0,167.96.113.240,100,1423,1,4/26/2022 9:19,R_TaMlyN9SrWBG0oN,2,,4.0+
4/26/2022 8:51,4/26/2022 9:23,0,167.96.42.181,100,1948,1,4/26/2022 9:23,R_12tYNd7UJWoaYAp,2,,3.4
4/26/2022 9:38,4/26/2022 9:54,0,167.96.114.152,100,954,1,4/26/2022 9:54,R_TuBMI0xLlFZig5H,3,3.9,
4/26/2022 8:14,4/26/2022 9:59,0,167.96.3.8,100,6343,1,4/26/2022 9:59,R_Rr7ncXaRq0guFs5,3,3.9,
4/26/2022 7:21,4/26/2022 10:01,0,167.96.44.250,100,9568,1,4/26/2022 10:01,R_1OVv7ySpLmdHtQm,3,3.7,
4/26/2022 8:19,4/26/2022 10:45,0,167.96.76.235,100,8761,1,4/26/2022 10:45,R_OuHFDraI1SwbvAB,3,3.01,
4/26/2022 10:15,4/26/2022 10:51,0,167.96.9.194,100,2132,1,4/26/2022 10:51,R_019VEb9bKQACijf,2,,3.4
4/25/2022 12:04,4/26/2022 14:01,0,167.96.28.113,100,93431,1,4/26/2022 14:01,R_31i8UctMev3H31L,2,,4.0
4/26/2022 14:23,4/26/2022 15:07,0,167.96.111.238,100,2629,1,4/26/2022 15:07,R_1C7VDM18u5scLPD,3,3.6,
4/21/2022 16:13,4/26/2022 15:45,0,70.163.88.65,100,430305,1,4/26/2022 15:45,R_1eKVqQWQi6CL8nz,3,3.38,
4/26/2022 15:12,4/26/2022 16:05,0,24.254.61.240,100,3158,1,4/26/2022 16:05,R_XG6NnyxE3CMfWBr,2,,3.8
4/26/2022 17:11,4/26/2022 17:53,0,167.96.100.149,100,2536,1,4/26/2022 17:53,R_1gbUzOQ9GdXznfR,3,3.5,
4/26/2022 17:56,4/26/2022 18:35,0,68.105.159.217,100,2299,1,4/26/2022 18:35,R_3ggi7LyUX5SF6db,3,3.5,
4/27/2022 8:10,4/27/2022 8:28,0,68.105.37.26,100,1104,1,4/27/2022 8:28,R_2Et43YAAGQumMTq,2,,3.89
4/26/2022 12:14,4/27/2022 8:57,0,165.166.58.78,100,74587,1,4/27/2022 8:57,R_2ePfgDiWlyFkx49,3,3.5,
4/27/2022 8:45,4/27/2022 10:05,0,167.96.10.16,100,4765,1,4/27/2022 10:05,R_1nPaqrUDwmqinav,3,3.1,
4/27/2022 10:02,4/27/2022 11:01,0,167.96.103.237,100,3560,1,4/27/2022 11:01,R_24vLr2UyCL0BTTX,3,1.8,
4/26/2022 11:15,4/27/2022 11:43,0,167.96.103.252,100,88112,1,4/27/2022 11:43,R_e4o1GkJ1d1GjV85,3,2.5,
4/27/2022 12:18,4/27/2022 13:46,0,184.187.148.99,100,5293,1,4/27/2022 13:46,R_2tJ8B3kAGCsJlpZ,2,,3.6
4/27/2022 20:17,4/27/2022 20:56,0,107.206.19.238,100,2300,1,4/27/2022 20:56,R_2s6y2k1PNvgodxH,3,3.2,
4/28/2022 9:04,4/28/2022 9:26,0,167.96.75.167,100,1307,1,4/28/2022 9:26,R_phLW3A0lPQ6CtO1,3,3.6,
4/28/2022 9:03,4/28/2022 9:50,0,70.169.71.194,100,2811,1,4/28/2022 9:50,R_2zM7iUQwRcplT9L,2,,4.56
4/28/2022 9:15,4/28/2022 10:01,0,23.114.118.134,100,2748,1,4/28/2022 10:01,R_2qw9togNKslM6ic,5,3.2,
4/28/2022 10:03,4/28/2022 10:36,0,167.96.98.186,100,1983,1,4/28/2022 10:36,R_25SZlkkJ2bGiiXa,4,3.75,
4/28/2022 11:00,4/28/2022 11:17,0,70.168.198.23,100,1055,1,4/28/2022 11:17,R_2EsEYnKuJ2y9LbL,2,,3.9
4/28/2022 11:09,4/28/2022 11:39,0,68.229.148.188,100,1789,1,4/28/2022 11:39,R_1eXJmBWKxHI5qST,3,3.56,
4/28/2022 11:03,4/28/2022 12:09,0,167.96.119.231,100,3956,1,4/28/2022 12:09,R_3O6pt5WYQnmKuFw,3,3.65,
4/28/2022 11:49,4/28/2022 12:27,0,70.186.167.55,100,2295,1,4/28/2022 12:27,R_1l51aNgQwOGqUyb,3,3.6,
4/28/2022 12:16,4/28/2022 12:50,0,72.219.41.66,100,1991,1,4/28/2022 12:50,R_1dyM5eVFAXqI3Jz,3,3.82,
4/28/2022 12:21,4/28/2022 13:15,0,165.166.58.53,100,3214,1,4/28/2022 13:15,R_uqRuJ9Kv2v6JtVD,3,2.8,
4/28/2022 12:39,4/28/2022 13:20,0,167.96.73.39,100,2501,1,4/28/2022 13:20,R_cx2qlbVnIyKD3ax,3,3.35,
4/28/2022 12:48,4/28/2022 13:25,0,167.96.74.112,100,2250,1,4/28/2022 13:25,R_Brz2rk3Wejj6UmJ,2,,3.8
4/28/2022 12:49,4/28/2022 13:25,0,167.96.92.2,100,2194,1,4/28/2022 13:25,R_2AXvFnWt6LDjPEG,3,3.5,
4/28/2022 13:02,4/28/2022 13:27,0,70.165.115.58,100,1472,1,4/28/2022 13:27,R_1MJSW2rMXcAsHXp,5,3.1,
4/28/2022 12:56,4/28/2022 13:53,0,24.254.32.139,100,3419,1,4/28/2022 13:53,R_00UtINdSlkYIwZr,3,3.4,
4/28/2022 13:17,4/28/2022 13:54,0,167.96.118.112,100,2225,1,4/28/2022 13:54,R_4Nj0cUWMoQL14kN,2,,4.00
4/28/2022 12:39,4/28/2022 14:08,0,167.96.49.27,100,5334,1,4/28/2022 14:08,R_22D4OFPcvUSUhcQ,3,3.45,
4/28/2022 13:48,4/28/2022 14:11,0,68.227.129.247,100,1370,1,4/28/2022 14:11,R_3pouUwRGc0WoFxJ,3,2.78,
4/28/2022 14:34,4/28/2022 15:20,0,107.77.200.141,100,2734,1,4/28/2022 15:20,R_3sdhugCXZ9TQZVy,3,2.0,
4/28/2022 15:06,4/28/2022 15:38,0,107.77.199.171,100,1946,1,4/28/2022 15:38,R_1CC99WR929cyEIh,2,,3.666
4/28/2022 15:11,4/28/2022 15:55,0,108.198.14.127,100,2646,1,4/28/2022 15:55,R_0US8XvSgazEp32x,3,3.1,
4/28/2022 13:04,4/28/2022 16:12,0,167.96.62.234,100,11245,1,4/28/2022 16:12,R_3nVLTtekj85jtrN,3,3.6,
4/28/2022 15:47,4/28/2022 16:18,0,167.96.77.72,100,1823,1,4/28/2022 16:18,R_3gL6zTfA60vMsYq,3,3.68,
4/28/2022 16:05,4/28/2022 16:47,0,167.96.85.132,100,2530,1,4/28/2022 16:47,R_1l4zIu8tdLsFIYv,3,3.1,
4/28/2022 15:57,4/28/2022 16:50,0,167.96.41.161,100,3170,1,4/28/2022 16:50,R_2TpaRcfngwaqkl1,3,3.62,
4/28/2022 16:20,4/28/2022 17:01,0,207.229.100.145,100,2487,1,4/28/2022 17:01,R_1imQGlB3YOEATRz,3,3.74,
4/28/2022 17:02,4/28/2022 17:16,0,70.163.88.65,100,792,1,4/28/2022 17:16,R_1hKAHMO70BiOWdg,2,,4.3
4/28/2022 16:44,4/28/2022 17:30,0,209.16.81.61,100,2735,1,4/28/2022 17:30,R_2WPEnWifPT8aGkz,3,2.7,
4/28/2022 18:00,4/28/2022 18:43,0,68.11.151.250,100,2549,1,4/28/2022 18:43,R_1kMNc1WZB9twMK0,3,4.0,
4/28/2022 18:53,4/28/2022 19:51,0,23.112.190.51,100,3471,1,4/28/2022 19:51,R_3NPe9d7VIlpRe6G,3,3.79,
4/28/2022 19:58,4/28/2022 20:31,0,167.96.109.116,100,1954,1,4/28/2022 20:31,R_Z2XMsCSQCqD9LKV,3,3.3,
4/28/2022 20:50,4/28/2022 21:24,0,72.214.125.138,100,2004,1,4/28/2022 21:24,R_3FRv4J0XxSyr8eS,3,3.99,
4/28/2022 21:20,4/28/2022 21:46,0,172.8.69.218,100,1569,1,4/28/2022 21:46,R_Dxa3dFyWvC8pNND,2,,3.4
4/28/2022 21:37,4/28/2022 22:20,0,99.45.186.158,100,2602,1,4/28/2022 22:20,R_3qOM8waGcRZ91wI,3,3.6,
4/29/2022 8:27,4/29/2022 8:50,0,104.222.26.249,100,1359,1,4/29/2022 8:50,R_2BbNRuZSQTv5sKH,2,,3.1
4/29/2022 9:18,4/29/2022 9:36,0,167.96.70.0,100,1077,1,4/29/2022 9:36,R_9tVffqbuJ3JuyKl,3,2.3,
4/29/2022 9:23,4/29/2022 10:33,0,167.96.64.148,100,4181,1,4/29/2022 10:33,R_3oTRzvx00yKbPCB,3,4.1,
4/29/2022 10:25,4/29/2022 10:57,0,24.249.89.242,100,1892,1,4/29/2022 10:57,R_9yJ1ReUX3S4wJ4l,2,,
4/29/2022 10:34,4/29/2022 11:01,0,72.207.216.59,100,1635,1,4/29/2022 11:01,R_1gkio8LV5zItCpb,3,3.5,
4/29/2022 10:44,4/29/2022 11:17,0,167.96.72.154,100,1993,1,4/29/2022 11:17,R_3R9EE5wLMiDV35G,3,3.7,
4/29/2022 10:49,4/29/2022 11:34,0,68.11.151.182,100,2688,1,4/29/2022 11:34,R_2CxKWoO6P9MQ8tS,3,3.7,
4/29/2022 12:00,4/29/2022 12:40,0,167.96.91.179,100,2417,1,4/29/2022 12:40,R_31be0cfw40XYFsF,3,3.21,
4/29/2022 12:58,4/29/2022 13:11,0,167.96.75.95,100,791,1,4/29/2022 13:11,R_54JdbnoK5HIBuY9,2,,3.6
4/29/2022 13:20,4/29/2022 13:50,0,165.166.58.64,100,1802,1,4/29/2022 13:50,R_3iRuJShRYZXVjCB,3,3.7,
4/25/2022 13:02,4/29/2022 14:26,0,167.96.33.14,100,350634,1,4/29/2022 14:26,R_T6o73H3uHWu5v3j,3,2.7,
4/29/2022 14:59,4/29/2022 15:14,0,68.11.182.138,100,895,1,4/29/2022 15:14,R_86LQMHT5YEY9qcV,2,,3.0
4/29/2022 15:04,4/29/2022 15:15,0,107.122.105.122,100,658,1,4/29/2022 15:15,R_30kIFC7QND5aj43,3,3.8,
4/29/2022 14:50,4/29/2022 15:49,0,167.96.71.180,100,3524,1,4/29/2022 15:49,R_UtZgIiy86UMrjLH,3,3.9,
4/29/2022 16:30,4/29/2022 16:53,0,104.60.2.142,100,1397,1,4/29/2022 16:53,R_bNTkzCQiStaKz3H,2,,4.0
4/29/2022 16:21,4/29/2022 17:11,0,68.11.210.55,100,2998,1,4/29/2022 17:11,R_Okwfcaqi92AzKj7,3,3.87,
4/29/2022 16:35,4/29/2022 17:16,0,68.11.210.55,100,2441,1,4/29/2022 17:16,R_WBRKd6mGptNAAXn,3,3.0,
4/29/2022 16:15,4/29/2022 17:21,0,68.227.129.165,100,3916,1,4/29/2022 17:21,R_2xCQhJ4AqDQVLJu,3,3.95,
4/29/2022 17:11,4/29/2022 17:40,0,167.96.47.101,100,1704,1,4/29/2022 17:40,R_QiGbdxFL0kVBKKZ,3,3.3,
4/29/2022 19:06,4/29/2022 19:30,0,24.255.90.47,100,1410,1,4/29/2022 19:30,R_2wtwDMfBSUppe1L,2,,4.0
4/29/2022 19:09,4/29/2022 19:43,0,167.96.84.219,100,2060,1,4/29/2022 19:43,R_2D66myOgAQjmNir,3,2.93,
4/29/2022 19:43,4/29/2022 21:04,0,173.217.114.19,100,4854,1,4/29/2022 21:04,R_1loQle3bupvBs22,3,2.6,
4/29/2022 20:46,4/29/2022 21:28,0,23.112.190.9,100,2525,1,4/29/2022 21:28,R_ZwdG8QKcypb44qR,3,3.8,
4/29/2022 21:20,4/29/2022 21:42,0,68.229.146.28,100,1343,1,4/29/2022 21:42,R_eQmwgEbws9idxi9,2,,4.00
4/29/2022 22:33,4/29/2022 22:58,0,198.232.113.114,100,1544,1,4/29/2022 22:59,R_2sZk39hKfimNIrc,4,3.4,
4/29/2022 22:49,4/29/2022 23:18,0,174.69.151.245,100,1735,1,4/29/2022 23:18,R_8qyKEldYbRy7aX7,4,2.5,
4/30/2022 0:28,4/30/2022 1:05,0,173.217.61.218,100,2208,1,4/30/2022 1:05,R_22DeTk3r47SkBOj,3,3.49,
4/30/2022 8:34,4/30/2022 9:18,0,165.166.58.74,100,2624,1,4/30/2022 9:18,R_33d0buDygTiq3wo,3,3.3,
4/30/2022 8:43,4/30/2022 9:32,0,72.219.53.244,100,2952,1,4/30/2022 9:32,R_BFB1On4EvY6sKxb,2,,3.8
4/30/2022 9:57,4/30/2022 10:44,0,70.169.234.246,100,2817,1,4/30/2022 10:44,R_2cw6MYsAFkmCIPN,3,3.87,
4/30/2022 10:50,4/30/2022 11:14,0,70.168.193.47,100,1421,1,4/30/2022 11:14,R_1GBV1C3AkDiXeJg,3,3.7,
4/30/2022 12:48,4/30/2022 13:27,0,66.210.63.210,100,2320,1,4/30/2022 13:27,R_SE4H0kfIyNwCDjr,2,,3.0
5/1/2022 0:53,5/1/2022 1:30,0,167.96.69.120,100,2198,1,5/1/2022 1:30,R_SZT8xOIHCiRw5m9,3,2.35,
5/1/2022 9:23,5/1/2022 10:10,0,66.186.227.96,100,2838,1,5/1/2022 10:10,R_sC3Tzbj4qljgw1P,3,3.8,
5/1/2022 10:07,5/1/2022 10:57,0,167.96.105.161,100,3004,1,5/1/2022 10:57,R_t0aPv0FwBS5yn9T,3,3.54,
5/1/2022 11:46,5/1/2022 11:58,0,23.114.118.69,100,768,1,5/1/2022 11:58,R_2Y3MapIWDZDMzpm,2,,3.97
5/1/2022 12:04,5/1/2022 12:42,0,72.207.236.196,100,2297,1,5/1/2022 12:42,R_TsZSvN4uMBR7oUp,3,3.3,
5/1/2022 12:40,5/1/2022 13:23,0,167.96.5.232,100,2631,1,5/1/2022 13:23,R_2UW9Rsl3qvVEQGh,2,,3.7
5/1/2022 13:18,5/1/2022 13:50,0,72.200.229.4,100,1921,1,5/1/2022 13:50,R_DhN1pfIxroxjN4d,3,2.9,
5/1/2022 14:42,5/1/2022 15:08,0,68.227.129.97,100,1586,1,5/1/2022 15:08,R_dj9k8pMrlS8BOP7,3,2.7,
5/1/2022 14:59,5/1/2022 15:30,0,104.222.25.67,100,1870,1,5/1/2022 15:30,R_2QlHthizEX8s85t,5,2.5,
5/1/2022 15:21,5/1/2022 15:44,0,172.103.84.65,100,1374,1,5/1/2022 15:44,R_3Hw8gN6pk3DfTc5,3,3.81,
5/1/2022 15:51,5/1/2022 16:38,0,70.163.88.65,100,2789,1,5/1/2022 16:38,R_2UbyuWn5CbseUUl,2,,3.4
5/1/2022 16:15,5/1/2022 16:55,0,167.96.47.82,100,2376,1,5/1/2022 16:55,R_2YPufyGgKfHPF1S,3,3.734,
5/1/2022 18:16,5/1/2022 19:25,0,167.96.103.101,100,4177,1,5/1/2022 19:26,R_2rp6Q4SYwPD3qUX,3,3.9,
4/30/2022 16:59,5/1/2022 20:07,0,167.96.98.86,100,97631,1,5/1/2022 20:07,R_rjXcMTfU8X8o1Wh,3,2.9,
5/1/2022 19:54,5/1/2022 20:33,0,167.96.51.62,100,2355,1,5/1/2022 20:33,R_vVatYvTK7AEN0lP,3,2.86,
5/1/2022 20:00,5/1/2022 20:55,0,167.96.42.10,100,3303,1,5/1/2022 20:55,R_20UK1MMVhZA2Eeh,2,,4.0
5/1/2022 19:55,5/1/2022 20:55,0,167.96.28.43,100,3612,1,5/1/2022 20:56,R_3MtFO69UPvzo4kc,2,,3.98
5/1/2022 20:56,5/1/2022 21:21,0,172.103.84.65,100,1478,1,5/1/2022 21:21,R_1jPaURlsfGVBbCk,3,3.8,
5/1/2022 21:02,5/1/2022 21:22,0,70.172.224.242,100,1204,1,5/1/2022 21:22,R_WvafltlbQkYneGl,2,,3.9
5/1/2022 21:07,5/1/2022 21:37,0,172.103.84.65,100,1788,1,5/1/2022 21:37,R_1eqsSzH89xhq2AA,3,3.2,
5/1/2022 21:15,5/1/2022 21:47,0,174.75.99.202,100,1934,1,5/1/2022 21:47,R_1rP4xEcJII9bPod,2,,4.0
5/1/2022 22:08,5/1/2022 22:44,0,70.172.225.171,100,2178,1,5/1/2022 22:44,R_1FeWrZk8pgm9Erc,3,3.5,
5/1/2022 23:05,5/1/2022 23:42,0,104.222.26.249,100,2224,1,5/1/2022 23:42,R_1KoOYDXsKkawqZr,3,3.49,
5/2/2022 0:12,5/2/2022 0:36,0,24.249.89.242,100,1429,1,5/2/2022 0:36,R_3Jhfw2C4CkOUlVc,3,1.8,
5/2/2022 8:41,5/2/2022 9:04,0,167.96.23.28,100,1372,1,5/2/2022 9:04,R_12xMdvCjOgo9Fm3,3,2.7,
5/2/2022 8:48,5/2/2022 9:12,0,167.96.7.253,100,1462,1,5/2/2022 9:12,R_Zk0btYlvaSzxuj7,3,3.6,
5/2/2022 0:24,5/2/2022 9:40,0,167.96.18.190,100,33344,1,5/2/2022 9:40,R_2zIyxHLrWxt9hIh,3,3.2,
5/2/2022 10:06,5/2/2022 10:22,0,167.96.8.94,100,935,1,5/2/2022 10:22,R_2CP9qBIHFr6TSLa,2,,4.0
5/2/2022 9:12,5/2/2022 10:24,0,174.203.42.162,100,4300,1,5/2/2022 10:24,R_3EDVvMcY0e3glwm,3,3.7,
5/2/2022 10:38,5/2/2022 11:22,0,70.171.74.52,100,2640,1,5/2/2022 11:22,R_21an4L5Y0G7Z4jw,3,2.5,
5/2/2022 10:40,5/2/2022 11:24,0,167.96.23.32,100,2604,1,5/2/2022 11:24,R_2aRA8ULjFhcOp5j,2,,3.9
5/2/2022 10:57,5/2/2022 11:31,0,167.96.65.196,100,2041,1,5/2/2022 11:31,R_1GJ3Z4PEBcMD5Bt,3,2.5,
5/2/2022 9:31,5/2/2022 11:42,0,72.203.158.14,100,7846,1,5/2/2022 11:42,R_3plRCrgcOJ8IyaC,6,4.00,
5/2/2022 11:43,5/2/2022 12:01,0,167.96.88.232,100,1085,1,5/2/2022 12:01,R_QcOJVj04tillenf,3,3.7,
5/2/2022 11:48,5/2/2022 12:23,0,167.96.57.41,100,2098,1,5/2/2022 12:23,R_1HjXFbaVo6yNBNn,3,2.0,
5/2/2022 12:39,5/2/2022 12:58,0,167.96.8.203,100,1126,1,5/2/2022 12:58,R_1YWgWNGOit1OKml,3,3.6,
5/2/2022 12:43,5/2/2022 13:13,0,167.96.84.251,100,1793,1,5/2/2022 13:13,R_piqFbJuGjxXbOUN,3,3.54,
5/2/2022 12:42,5/2/2022 13:15,0,167.96.49.177,100,1951,1,5/2/2022 13:15,R_3eengF0QwJk9zMY,3,3.63,
5/2/2022 12:40,5/2/2022 13:23,0,104.222.25.67,100,2554,1,5/2/2022 13:23,R_3qkErPkVJmXRVlx,3,2.9,
5/2/2022 12:45,5/2/2022 13:37,0,167.96.104.31,100,3168,1,5/2/2022 13:37,R_2VI8rzeshMKrOq9,3,3.8,
5/2/2022 13:28,5/2/2022 13:38,0,167.96.22.123,100,629,1,5/2/2022 13:38,R_2riGqRqBXjI99VY,2,,3.0
5/2/2022 13:14,5/2/2022 13:48,0,167.96.38.40,100,2058,1,5/2/2022 13:48,R_28TLuiwBn3LXmWh,3,2.5,
5/2/2022 13:46,5/2/2022 14:09,0,167.96.116.111,100,1380,1,5/2/2022 14:09,R_1roeg7kBNST0qJP,3,3.3,
5/2/2022 13:38,5/2/2022 14:11,0,72.203.156.91,100,1990,1,5/2/2022 14:11,R_1pYHfjy9ZWmWwWA,3,3.7,
5/2/2022 13:30,5/2/2022 14:21,0,167.96.88.45,100,3052,1,5/2/2022 14:21,R_2ctFPB12r1VngEd,3,4.05,
5/2/2022 14:01,5/2/2022 14:32,0,167.96.115.234,100,1865,1,5/2/2022 14:32,R_3m7rv2f85XqPNJl,2,,4.0
5/2/2022 13:54,5/2/2022 14:33,0,68.11.191.16,100,2303,1,5/2/2022 14:33,R_2B51zx6UIwRI0dd,3,3.3,
5/2/2022 14:03,5/2/2022 14:48,0,172.103.84.65,100,2669,1,5/2/2022 14:48,R_3oBC9V2J32GmqfF,3,3.9,
5/2/2022 12:51,5/2/2022 14:56,0,99.116.39.17,100,7520,1,5/2/2022 14:56,R_XMoQ1POkTjUVMnn,3,3.0,
5/2/2022 14:30,5/2/2022 15:09,0,167.96.116.216,100,2327,1,5/2/2022 15:09,R_1rJLn0IdbSWacnS,3,3.48,
5/2/2022 14:38,5/2/2022 15:11,0,172.103.84.73,100,1948,1,5/2/2022 15:11,R_2uKiev1GMzOnQhs,2,,4.0
5/2/2022 14:37,5/2/2022 15:33,0,167.96.12.220,100,3396,1,5/2/2022 15:33,R_3hc4eECgzh2dOnL,2,,3.85
5/2/2022 15:18,5/2/2022 15:38,0,167.96.80.66,100,1159,1,5/2/2022 15:38,R_1FExLiZJmPfLJya,3,3.0,
5/2/2022 15:34,5/2/2022 16:07,0,167.96.30.234,100,2029,1,5/2/2022 16:07,R_2w6kUNm0gPN4NDH,3,3.1,
5/2/2022 15:25,5/2/2022 16:23,0,167.96.37.124,100,3470,1,5/2/2022 16:23,R_11dpuZIZpHtlZ1L,3,4.24,
5/2/2022 16:11,5/2/2022 16:44,0,99.122.72.97,100,1932,1,5/2/2022 16:44,R_PSBzobl4ij1GiGJ,5,3.6,
5/2/2022 17:11,5/2/2022 17:27,0,174.73.117.85,100,976,1,5/2/2022 17:27,R_27wHFAFlVp79Zhf,2,,3.99
5/2/2022 16:54,5/2/2022 17:30,0,167.96.78.148,100,2155,1,5/2/2022 17:30,R_ZHMUxh0SxxFBhE5,3,3.0,
5/2/2022 17:02,5/2/2022 17:35,0,167.96.10.244,100,2013,1,5/2/2022 17:35,R_11amykumJOfK0hh,3,2.74,
5/2/2022 16:39,5/2/2022 18:15,0,165.166.58.74,100,5747,1,5/2/2022 18:15,R_rfnZVRltWFMsghz,3,3.4,
5/2/2022 18:15,5/2/2022 18:40,0,184.177.57.190,100,1516,1,5/2/2022 18:40,R_2YM6pwA8OaN3kuJ,3,3.5,
5/2/2022 18:37,5/2/2022 19:04,0,167.96.101.247,100,1640,1,5/2/2022 19:04,R_1hGUpzuXWRAdG40,2,,3.5
5/2/2022 18:44,5/2/2022 19:18,0,167.96.119.209,100,1993,1,5/2/2022 19:18,R_T2hBo2Mzn897dzX,3,3.0,
5/2/2022 18:51,5/2/2022 19:33,0,72.203.156.89,100,2516,1,5/2/2022 19:33,R_2BnRep36YBvGqSX,3,2.9,
5/2/2022 14:24,5/2/2022 19:36,0,172.103.84.65,100,18713,1,5/2/2022 19:36,R_3qyTh0Cjk4FADc5,3,3.91,
5/2/2022 19:19,5/2/2022 19:52,0,167.96.10.87,100,2028,1,5/2/2022 19:52,R_2TpBAq34injZUTx,3,3.6,
5/2/2022 19:49,5/2/2022 20:29,0,167.96.16.177,100,2363,1,5/2/2022 20:29,R_2wo8UicZJkdJPN2,2,,3.5
5/2/2022 19:44,5/2/2022 20:32,0,76.165.224.83,100,2884,1,5/2/2022 20:32,R_31GF8ZpnlJIyffP,3,3.5,
5/2/2022 19:32,5/2/2022 20:44,0,72.207.198.221,100,4327,1,5/2/2022 20:44,R_WAm2dOZB1RJkcVP,3,1.97,
4/29/2022 5:32,5/2/2022 21:02,0,104.222.25.67,100,315024,1,5/2/2022 21:02,R_2Uf67pahpR2fkn5,3,3.78,
5/2/2022 19:55,5/2/2022 21:04,0,68.105.152.135,100,4156,1,5/2/2022 21:04,R_21pTY6lGWfnFNuF,5,3.2,
5/2/2022 20:31,5/2/2022 21:17,0,70.172.225.203,100,2743,1,5/2/2022 21:17,R_12xP3mJc5sJpBXX,3,4.1,
5/2/2022 20:52,5/2/2022 21:30,0,65.115.220.150,100,2266,1,5/2/2022 21:30,R_1OqSddgwoKq568V,5,3.4,
5/2/2022 20:58,5/2/2022 21:30,0,184.177.57.190,100,1950,1,5/2/2022 21:30,R_3iEA3oUR6VuS6cH,3,3.7,
5/2/2022 21:25,5/2/2022 21:59,0,70.241.154.61,100,2022,1,5/2/2022 21:59,R_338ZPCEs1WiMQhg,3,3.81,
5/2/2022 22:31,5/2/2022 23:09,0,167.96.31.174,100,2315,1,5/2/2022 23:09,R_5cYpoS5K1eFfrep,3,3.1,
5/2/2022 15:00,5/2/2022 23:11,0,70.163.88.65,100,29456,1,5/2/2022 23:11,R_1omS330fRS6aHM9,3,3.58,
5/2/2022 22:59,5/2/2022 23:51,0,167.96.1.245,100,3089,1,5/2/2022 23:51,R_2s6DHJM3JDzbXQ8,3,4.09,
5/3/2022 0:12,5/3/2022 0:52,0,70.163.88.65,100,2447,1,5/3/2022 0:52,R_2qF3isC7Vf61io4,3,3.5,
5/3/2022 4:56,5/3/2022 5:41,0,167.96.46.83,100,2701,1,5/3/2022 5:41,R_25TUGGfuxl8ffeR,3,3.840,
5/3/2022 6:36,5/3/2022 7:10,0,107.77.199.233,100,2026,1,5/3/2022 7:10,R_20ZfeynpFV7q54N,3,2.85,
5/3/2022 7:53,5/3/2022 8:19,0,167.96.51.246,100,1596,1,5/3/2022 8:19,R_269ySrtqQfCkrLi,3,3.5,
5/3/2022 7:06,5/3/2022 8:32,0,167.96.22.13,100,5129,1,5/3/2022 8:32,R_z0zvnkNEP1pai5z,3,2.5,
5/3/2022 8:23,5/3/2022 8:43,0,167.96.101.136,100,1176,1,5/3/2022 8:43,R_3FPNp48xN1JLqp7,2,,3.0
4/29/2022 10:26,5/3/2022 8:49,0,167.96.70.49,100,339775,1,5/3/2022 8:49,R_2zC5vi2PJHVopOo,3,3.8,
5/3/2022 9:58,5/3/2022 10:22,0,68.11.193.66,100,1445,1,5/3/2022 10:22,R_2V8AZfVzKucS9Um,2,,3.4
5/3/2022 9:30,5/3/2022 10:42,0,167.96.67.109,100,4329,1,5/3/2022 10:42,R_2PyVjoobO92zgga,3,3.89,
5/3/2022 10:59,5/3/2022 11:35,0,72.207.238.43,100,2117,1,5/3/2022 11:35,R_YYL6HQhidDJifzH,3,,
5/3/2022 11:18,5/3/2022 12:00,0,99.61.96.9,100,2572,1,5/3/2022 12:00,R_1DtJxS5ghJT4cSg,2,,3.8
5/3/2022 12:02,5/3/2022 12:17,0,76.165.252.181,100,920,1,5/3/2022 12:17,R_3fAHFT6hJ4L5oMr,2,,4.4
5/3/2022 11:56,5/3/2022 12:29,0,70.177.32.131,100,2004,1,5/3/2022 12:29,R_cJgturOnfmjEH5L,3,3.6,
5/3/2022 12:02,5/3/2022 12:52,0,167.96.58.234,100,3005,1,5/3/2022 12:52,R_33Blel0RdhGze6B,2,,3.8
